Local time,Open,High,Low,Close,Volume
31.12.2003 17:00:00.000 GMT-0500,1.25915,1.28956,1.23323,1.24731,28767047.93450001
31.01.2004 17:00:00.000 GMT-0500,1.24680,1.29247,1.23718,1.24887,27134111.30430001
29.02.2004 17:00:00.000 GMT-0500,1.24820,1.25398,1.20546,1.23114,31123585.480900012
31.03.2004 17:00:00.000 GMT-0500,1.23130,1.23862,1.17573,1.19770,29821111.120600015
30.04.2004 16:00:00.000 GMT-0500,1.19770,1.22956,1.17708,1.21854,28395473.064
31.05.2004 16:00:00.000 GMT-0500,1.21824,1.23500,1.19512,1.21928,29968660.121600017
30.06.2004 16:00:00.000 GMT-0500,1.21938,1.24609,1.19912,1.20165,29772675.535500024
31.07.2004 16:00:00.000 GMT-0500,1.20169,1.23845,1.19695,1.21804,29786166.69910003
31.08.2004 16:00:00.000 GMT-0500,1.21785,1.24427,1.20242,1.24320,29588168.846000027
30.09.2004 16:00:00.000 GMT-0500,1.24330,1.28400,1.22257,1.27942,28216213.919000015
31.10.2004 17:00:00.000 GMT-0500,1.27997,1.33297,1.26575,1.32755,29354454.779700004
30.11.2004 17:00:00.000 GMT-0500,1.32780,1.36649,1.31391,1.35523,30257957.431700017
31.12.2004 17:00:00.000 GMT-0500,1.35464,1.35777,1.29197,1.30354,27293206.088500023
31.01.2005 17:00:00.000 GMT-0500,1.30357,1.32777,1.27299,1.32227,26496097.44250002
28.02.2005 17:00:00.000 GMT-0500,1.32256,1.34767,1.28536,1.29621,30674275.170900024
31.03.2005 17:00:00.000 GMT-0500,1.29595,1.31192,1.27667,1.28685,28432152.785900038
30.04.2005 16:00:00.000 GMT-0500,1.28628,1.29880,1.22888,1.22975,29600818.228200022
31.05.2005 16:00:00.000 GMT-0500,1.22934,1.23508,1.19861,1.21003,29271263.64080003
30.06.2005 16:00:00.000 GMT-0500,1.21003,1.22549,1.18663,1.21160,28078358.58550003
31.07.2005 16:00:00.000 GMT-0500,1.21149,1.24846,1.21132,1.23371,30841010.31140003
31.08.2005 16:00:00.000 GMT-0500,1.23321,1.25875,1.19778,1.20236,29244091.23580001
30.09.2005 16:00:00.000 GMT-0500,1.20552,1.22032,1.18742,1.19895,27673525.19290004
31.10.2005 17:00:00.000 GMT-0500,1.19894,1.20825,1.16404,1.17842,28915892.7019
30.11.2005 17:00:00.000 GMT-0500,1.17856,1.20586,1.16620,1.18439,28708186.619500026
31.12.2005 17:00:00.000 GMT-0500,1.18436,1.23204,1.18088,1.21524,28756699.051
31.01.2006 17:00:00.000 GMT-0500,1.21539,1.21620,1.18254,1.19202,25966877.122200012
28.02.2006 17:00:00.000 GMT-0500,1.19193,1.22061,1.18593,1.21132,29894804.19300003
31.03.2006 17:00:00.000 GMT-0500,1.21075,1.26387,1.20330,1.26320,26059519.3998
30.04.2006 16:00:00.000 GMT-0500,1.26220,1.29698,1.25545,1.28060,39388174.45329999
31.05.2006 16:00:00.000 GMT-0500,1.28026,1.29767,1.24764,1.27895,43496389.00550005
30.06.2006 16:00:00.000 GMT-0500,1.27799,1.28571,1.24439,1.27626,41412984.7827
31.07.2006 16:00:00.000 GMT-0500,1.27606,1.29374,1.26884,1.28091,45398409.55230004
31.08.2006 16:00:00.000 GMT-0500,1.28036,1.28737,1.26232,1.26705,42216739.98230002
30.09.2006 16:00:00.000 GMT-0500,1.26720,1.27808,1.24823,1.27587,44229101.07930004
31.10.2006 17:00:00.000 GMT-0500,1.27598,1.32732,1.26825,1.32392,44098889.68230005
30.11.2006 17:00:00.000 GMT-0500,1.32398,1.33653,1.30522,1.31920,42265587.2006
31.12.2006 17:00:00.000 GMT-0500,1.31937,1.32951,1.28668,1.30288,46133814.83520004
31.01.2007 17:00:00.000 GMT-0500,1.30300,1.32578,1.29095,1.32255,40187457.73290002
28.02.2007 17:00:00.000 GMT-0500,1.32274,1.34094,1.30723,1.33530,40326511.66250004
31.03.2007 16:00:00.000 GMT-0500,1.33710,1.36820,1.33179,1.36462,19349392.09680001
30.04.2007 16:00:00.000 GMT-0500,1.36461,1.36711,1.34079,1.34518,15126674.117999993
31.05.2007 16:00:00.000 GMT-0500,1.34515,1.35515,1.32621,1.35397,13568400.019600004
30.06.2007 16:00:00.000 GMT-0500,1.35358,1.38515,1.35258,1.36818,15441679.898400003
31.07.2007 16:00:00.000 GMT-0500,1.36803,1.38387,1.33594,1.36265,19717718.19570001
31.08.2007 16:00:00.000 GMT-0500,1.36276,1.42772,1.35480,1.42656,17245316.903899997
30.09.2007 16:00:00.000 GMT-0500,1.42723,1.45035,1.40093,1.44846,19815443.1353
31.10.2007 16:00:00.000 GMT-0500,1.44860,1.49646,1.43995,1.46313,18925294.30080001
30.11.2007 17:00:00.000 GMT-0500,1.46360,1.47701,1.43073,1.45882,18047301.569599994
31.12.2007 17:00:00.000 GMT-0500,1.45887,1.49219,1.43621,1.48573,19896125.381000016
31.01.2008 17:00:00.000 GMT-0500,1.48576,1.52383,1.44366,1.51762,18184408.505099997
29.02.2008 17:00:00.000 GMT-0500,1.51928,1.59021,1.51425,1.57868,18133168.647500012
31.03.2008 16:00:00.000 GMT-0500,1.57864,1.60183,1.55073,1.56173,19080457.435700018
30.04.2008 16:00:00.000 GMT-0500,1.56200,1.58178,1.52825,1.55499,18983338.739900015
31.05.2008 16:00:00.000 GMT-0500,1.55512,1.58432,1.53004,1.57528,18136615.504500035
30.06.2008 16:00:00.000 GMT-0500,1.57529,1.60389,1.55183,1.56009,19680487.242699992
31.07.2008 16:00:00.000 GMT-0500,1.56022,1.56306,1.45655,1.46714,18039996.058799997
31.08.2008 16:00:00.000 GMT-0500,1.46748,1.48640,1.38778,1.40900,19779916.81610002
30.09.2008 16:00:00.000 GMT-0500,1.40891,1.41740,1.23290,1.27245,14311507.239500027
31.10.2008 16:00:00.000 GMT-0500,1.27450,1.31145,1.23880,1.26890,14095788.699300008
30.11.2008 17:00:00.000 GMT-0500,1.27093,1.46925,1.25490,1.39692,14215641.193399997
31.12.2008 17:00:00.000 GMT-0500,1.39695,1.40707,1.27625,1.28105,14416239.046200017
31.01.2009 17:00:00.000 GMT-0500,1.27672,1.30925,1.25125,1.26690,14881709.7213
28.02.2009 17:00:00.000 GMT-0500,1.26295,1.37375,1.24560,1.32495,19610191.406699993
31.03.2009 16:00:00.000 GMT-0500,1.32500,1.35815,1.28845,1.32295,12210569.812300012
30.04.2009 16:00:00.000 GMT-0500,1.32285,1.41685,1.32120,1.41565,11577277.128600005
31.05.2009 16:00:00.000 GMT-0500,1.41449,1.43370,1.37484,1.40977,12767082.070900027
30.06.2009 16:00:00.000 GMT-0500,1.40977,1.43028,1.38294,1.42555,1871863.6992999993
31.07.2009 16:00:00.000 GMT-0500,1.42535,1.44469,1.40440,1.43315,1704536.2018000006
31.08.2009 16:00:00.000 GMT-0500,1.43305,1.48421,1.41741,1.46366,1786637.598299999
30.09.2009 16:00:00.000 GMT-0500,1.46404,1.50600,1.44792,1.47177,1774966.4006999985
31.10.2009 16:00:00.000 GMT-0500,1.47151,1.51441,1.46235,1.50032,1674034.210999998
30.11.2009 17:00:00.000 GMT-0500,1.50009,1.51398,1.42149,1.43212,1838000.900599999
31.12.2009 17:00:00.000 GMT-0500,1.43216,1.45797,1.38589,1.38605,1675465.2964000015
31.01.2010 17:00:00.000 GMT-0500,1.38608,1.40247,1.34431,1.36280,1603655.7018
28.02.2010 17:00:00.000 GMT-0500,1.36207,1.38171,1.32658,1.35075,1837220.000500002
31.03.2010 16:00:00.000 GMT-0500,1.35074,1.36905,1.31117,1.32926,1750902.6002
30.04.2010 16:00:00.000 GMT-0500,1.32974,1.33586,1.21429,1.23042,1683276.9995999988
31.05.2010 16:00:00.000 GMT-0500,1.23030,1.24660,1.18746,1.22351,1766612.7978999992
30.06.2010 16:00:00.000 GMT-0500,1.22339,1.31041,1.21914,1.30484,1763738.8982000016
31.07.2010 16:00:00.000 GMT-0500,1.30533,1.33333,1.25837,1.26782,1762920.8989999986
31.08.2010 16:00:00.000 GMT-0500,1.26766,1.36836,1.26425,1.36333,1763453.1030999993
30.09.2010 16:00:00.000 GMT-0500,1.36324,1.41561,1.36153,1.39451,1727840.9021
31.10.2010 16:00:00.000 GMT-0500,1.39508,1.42817,1.29685,1.29820,2034502.6994000003
30.11.2010 17:00:00.000 GMT-0500,1.29818,1.34979,1.29707,1.33852,3698315.3478000015
31.12.2010 17:00:00.000 GMT-0500,1.33436,1.37572,1.28713,1.36929,3920945.364000002
31.01.2011 17:00:00.000 GMT-0500,1.36931,1.38612,1.34280,1.38057,3824776.122400002
28.02.2011 17:00:00.000 GMT-0500,1.38057,1.42480,1.37430,1.41570,4261664.224399998
31.03.2011 16:00:00.000 GMT-0500,1.41569,1.48788,1.40618,1.48038,3603697.708699996
30.04.2011 16:00:00.000 GMT-0500,1.48130,1.49398,1.39694,1.43954,5347672.992000001
31.05.2011 16:00:00.000 GMT-0500,1.43952,1.46956,1.40731,1.45014,4876925.549699998
30.06.2011 16:00:00.000 GMT-0500,1.45014,1.45774,1.38371,1.43962,5098702.270699998
31.07.2011 16:00:00.000 GMT-0500,1.43793,1.45483,1.40555,1.43712,6332054.576200011
31.08.2011 16:00:00.000 GMT-0500,1.43712,1.43839,1.33652,1.33849,5754825.649199999
30.09.2011 16:00:00.000 GMT-0500,1.33394,1.42465,1.31481,1.38575,5708798.241000006
31.10.2011 16:00:00.000 GMT-0500,1.38568,1.38705,1.32129,1.34456,5790790.690400006
30.11.2011 17:00:00.000 GMT-0500,1.34454,1.35357,1.28581,1.29578,4698034.309799999
31.12.2011 17:00:00.000 GMT-0500,1.29368,1.32304,1.26262,1.30831,5860849.483199997
31.01.2012 17:00:00.000 GMT-0500,1.30830,1.34857,1.29751,1.33238,5188504.724299997
29.02.2012 17:00:00.000 GMT-0500,1.33237,1.33846,1.30035,1.33405,4699185.457499995
31.03.2012 16:00:00.000 GMT-0500,1.33584,1.33803,1.29958,1.32384,4238520.911799999
30.04.2012 16:00:00.000 GMT-0500,1.32383,1.32828,1.23363,1.23648,5503721.807900002
31.05.2012 16:00:00.000 GMT-0500,1.23648,1.27474,1.22913,1.26627,5303857.824699996
30.06.2012 16:00:00.000 GMT-0500,1.26750,1.26777,1.20419,1.23024,4908230.120600003
31.07.2012 16:00:00.000 GMT-0500,1.23033,1.26372,1.21339,1.25738,4018966.440099997
31.08.2012 16:00:00.000 GMT-0500,1.25666,1.31694,1.25015,1.28591,3528953.238699997
30.09.2012 16:00:00.000 GMT-0500,1.28444,1.31386,1.28038,1.29597,3758525.8285000003
31.10.2012 16:00:00.000 GMT-0500,1.29596,1.30274,1.26612,1.29860,3517562.801500003
30.11.2012 17:00:00.000 GMT-0500,1.29819,1.33080,1.28789,1.31938,2713387.512800001
31.12.2012 17:00:00.000 GMT-0500,1.31935,1.35928,1.29971,1.35776,3678322.860199994
31.01.2013 17:00:00.000 GMT-0500,1.35772,1.37108,1.30180,1.30558,3485503.668699996
28.02.2013 17:00:00.000 GMT-0500,1.30560,1.31343,1.27539,1.28184,4192578.5578000015
31.03.2013 16:00:00.000 GMT-0500,1.28029,1.32015,1.27468,1.31668,5038025.436200003
30.04.2013 16:00:00.000 GMT-0500,1.31666,1.32427,1.27960,1.29953,4893091.813000007
31.05.2013 16:00:00.000 GMT-0500,1.29933,1.34155,1.29556,1.30096,4741215.343200001
30.06.2013 16:00:00.000 GMT-0500,1.30146,1.33447,1.27552,1.33025,4819968.080100001
31.07.2013 16:00:00.000 GMT-0500,1.33025,1.34518,1.31734,1.32208,4071044.734700005
31.08.2013 16:00:00.000 GMT-0500,1.32108,1.35685,1.31046,1.35259,3675714.599
30.09.2013 16:00:00.000 GMT-0500,1.35254,1.38321,1.34727,1.35832,5662021.649600001
31.10.2013 16:00:00.000 GMT-0500,1.35833,1.36216,1.32950,1.35899,4369851.8262
30.11.2013 17:00:00.000 GMT-0500,1.35848,1.38932,1.35240,1.37410,3846974.636599996
31.12.2013 17:00:00.000 GMT-0500,1.37410,1.37746,1.34790,1.34846,4302642.860100001
31.01.2014 17:00:00.000 GMT-0500,1.34842,1.38248,1.34772,1.38000,3415228.5941999983
28.02.2014 17:00:00.000 GMT-0500,1.37593,1.39667,1.37048,1.37690,2950698.4598
31.03.2014 16:00:00.000 GMT-0500,1.37687,1.39056,1.36728,1.38669,2599969.676
30.04.2014 16:00:00.000 GMT-0500,1.38656,1.39933,1.35862,1.36331,3480137.7406
31.05.2014 16:00:00.000 GMT-0500,1.36359,1.36977,1.35030,1.36920,4530284.141700001
30.06.2014 16:00:00.000 GMT-0500,1.36920,1.37004,1.33669,1.33901,4337912.648999997
31.07.2014 16:00:00.000 GMT-0500,1.33901,1.34447,1.31311,1.31311,2776507.4369
31.08.2014 16:00:00.000 GMT-0500,1.31272,1.31599,1.25710,1.26300,3964066.5555000002
30.09.2014 16:00:00.000 GMT-0500,1.26303,1.28865,1.24860,1.25224,4692351.004300001
31.10.2014 16:00:00.000 GMT-0500,1.25067,1.25985,1.23580,1.24497,3807126.1092
30.11.2014 17:00:00.000 GMT-0500,1.24631,1.25699,1.20968,1.20971,3334083.1931000017
31.12.2014 17:00:00.000 GMT-0500,1.20969,1.21073,1.10979,1.12850,3878793.3196000024
31.01.2015 17:00:00.000 GMT-0500,1.13112,1.15338,1.11756,1.11970,3080189.2706000023
28.02.2015 17:00:00.000 GMT-0500,1.11808,1.12405,1.04624,1.07308,4392135.5304
31.03.2015 16:00:00.000 GMT-0500,1.07308,1.12662,1.05203,1.12236,4520922.042500001
30.04.2015 16:00:00.000 GMT-0500,1.12236,1.14669,1.08192,1.09831,4578611.4761000015
31.05.2015 16:00:00.000 GMT-0500,1.09803,1.14364,1.08873,1.11445,4738549.206799994
30.06.2015 16:00:00.000 GMT-0500,1.11452,1.12157,1.08086,1.09830,4315496.9455999965
31.07.2015 16:00:00.000 GMT-0500,1.09705,1.17139,1.08481,1.12099,3838748.0527000027
31.08.2015 16:00:00.000 GMT-0500,1.12094,1.14599,1.10873,1.11764,3926233.007399998
30.09.2015 16:00:00.000 GMT-0500,1.11758,1.14950,1.08969,1.10033,3677660.0315999994
31.10.2015 16:00:00.000 GMT-0500,1.10354,1.10525,1.05579,1.05638,3676594.3348999997
30.11.2015 17:00:00.000 GMT-0500,1.05638,1.10596,1.05220,1.08564,4126960.496999997
31.12.2015 17:00:00.000 GMT-0500,1.08730,1.09846,1.07107,1.08300,5443222.825800001
31.01.2016 17:00:00.000 GMT-0500,1.08310,1.13762,1.08147,1.08728,7231470.996499995
29.02.2016 17:00:00.000 GMT-0500,1.08724,1.14118,1.08222,1.13783,7164228.631600002
31.03.2016 16:00:00.000 GMT-0500,1.13783,1.14649,1.12150,1.14503,5302575.372400001
30.04.2016 16:00:00.000 GMT-0500,1.14593,1.16162,1.10978,1.11316,4630585.196099997
31.05.2016 16:00:00.000 GMT-0500,1.11314,1.14278,1.09116,1.11064,5131710.454299998
30.06.2016 16:00:00.000 GMT-0500,1.11061,1.11974,1.09519,1.11726,10376727.135699997
31.07.2016 16:00:00.000 GMT-0500,1.11726,1.13663,1.10458,1.11574,19836281.949100018
31.08.2016 16:00:00.000 GMT-0500,1.11573,1.13269,1.11230,1.12392,25965172.718100023
30.09.2016 16:00:00.000 GMT-0500,1.12287,1.12442,1.08511,1.09800,17494625.777100023
31.10.2016 16:00:00.000 GMT-0500,1.09804,1.12995,1.05180,1.05881,5724013.441300003
30.11.2016 17:00:00.000 GMT-0500,1.05879,1.08734,1.03523,1.05150,4446897.9819000065
31.12.2016 17:00:00.000 GMT-0500,1.05148,1.08122,1.03403,1.07974,5094015.503200008
31.01.2017 17:00:00.000 GMT-0500,1.07972,1.08288,1.04938,1.05762,4607015.604899997
28.02.2017 17:00:00.000 GMT-0500,1.05762,1.09058,1.04948,1.06528,4763263.294500004
31.03.2017 16:00:00.000 GMT-0500,1.06594,1.09507,1.05698,1.08961,3352704.0420999993
30.04.2017 16:00:00.000 GMT-0500,1.09099,1.12682,1.08390,1.12431,4087892.5298000006
31.05.2017 16:00:00.000 GMT-0500,1.12430,1.14455,1.11188,1.14251,4289144.056000004
30.06.2017 16:00:00.000 GMT-0500,1.14175,1.18454,1.13123,1.18414,4513067.060899996
31.07.2017 16:00:00.000 GMT-0500,1.18414,1.20701,1.16622,1.19093,5211182.142600003
31.08.2017 16:00:00.000 GMT-0500,1.19090,1.20923,1.17171,1.18137,5492350.2999
30.09.2017 16:00:00.000 GMT-0500,1.17886,1.18797,1.15741,1.16454,4456832.877600001
31.10.2017 16:00:00.000 GMT-0500,1.16453,1.19611,1.15539,1.19036,4212155.0629
30.11.2017 17:00:00.000 GMT-0500,1.19036,1.20254,1.17174,1.19985,3982349.787300003
31.12.2017 17:00:00.000 GMT-0500,1.20102,1.25373,1.19156,1.24130,5656523.9257
31.01.2018 17:00:00.000 GMT-0500,1.24131,1.25553,1.21878,1.21939,5705339.187200004
28.02.2018 17:00:00.000 GMT-0500,1.21936,1.24765,1.21546,1.23200,5427556.654899998
31.03.2018 16:00:00.000 GMT-0500,1.23199,1.24136,1.20556,1.20777,4916727.3044
30.04.2018 16:00:00.000 GMT-0500,1.20768,1.20841,1.15099,1.16918,5945462.707299998
31.05.2018 16:00:00.000 GMT-0500,1.16917,1.18516,1.15082,1.16847,5495222.915699995
30.06.2018 16:00:00.000 GMT-0500,1.16747,1.17906,1.15748,1.16908,5491973.858699998
31.07.2018 16:00:00.000 GMT-0500,1.16907,1.17334,1.13009,1.15997,5414850.7466
31.08.2018 16:00:00.000 GMT-0500,1.15961,1.18153,1.15260,1.16019,4407114.821399992
30.09.2018 16:00:00.000 GMT-0500,1.16171,1.16246,1.13020,1.13115,5508531.897199996
31.10.2018 16:00:00.000 GMT-0500,1.13115,1.14995,1.12156,1.13164,5629364.180599996
30.11.2018 17:00:00.000 GMT-0500,1.13499,1.14859,1.12699,1.14644,6382571.226499998
31.12.2018 17:00:00.000 GMT-0500,1.14644,1.15697,1.12892,1.14467,8905239.197399998
31.01.2019 17:00:00.000 GMT-0500,1.14468,1.14884,1.12340,1.13704,7760092.739099992
28.02.2019 17:00:00.000 GMT-0500,1.13706,1.14480,1.11764,1.12179,7509267.652599992
31.03.2019 16:00:00.000 GMT-0500,1.12254,1.13239,1.11111,1.12145,8063586.564999998
30.04.2019 16:00:00.000 GMT-0500,1.12141,1.12647,1.11070,1.11678,7564018.376299996
31.05.2019 16:00:00.000 GMT-0500,1.11607,1.14119,1.11601,1.13681,7092285.677899997
30.06.2019 16:00:00.000 GMT-0500,1.13595,1.13710,1.10600,1.10749,6053496.229400001
31.07.2019 16:00:00.000 GMT-0500,1.10749,1.12497,1.09632,1.09880,6752203.747799995
31.08.2019 16:00:00.000 GMT-0500,1.09893,1.11094,1.08847,1.08991,3387948.4461999983
30.09.2019 16:00:00.000 GMT-0500,1.08991,1.11793,1.08790,1.11513,3990134.490799997
31.10.2019 16:00:00.000 GMT-0500,1.11511,1.11753,1.09811,1.10150,2526925.124100003
30.11.2019 17:00:00.000 GMT-0500,1.10229,1.12391,1.10029,1.12076,2809582.3628999996
31.12.2019 17:00:00.000 GMT-0500,1.12143,1.12245,1.09923,1.10944,3428121.2842999985
31.01.2020 17:00:00.000 GMT-0500,1.10939,1.10939,1.07778,1.10251,3192739.0150999995
29.02.2020 17:00:00.000 GMT-0500,1.10423,1.14954,1.06357,1.10299,6168884.601500007
31.03.2020 16:00:00.000 GMT-0500,1.10286,1.10390,1.07271,1.09539,5359114.095300001
30.04.2020 16:00:00.000 GMT-0500,1.09539,1.11451,1.07665,1.11036,4601246.360299998
31.05.2020 16:00:00.000 GMT-0500,1.11129,1.14224,1.11004,1.12336,5294252.655799998
30.06.2020 16:00:00.000 GMT-0500,1.12340,1.19087,1.11848,1.17753,6592920.144700007
31.07.2020 16:00:00.000 GMT-0500,1.17725,1.19660,1.16959,1.19361,10745411.561199991
31.08.2020 16:00:00.000 GMT-0500,1.19358,1.20113,1.16121,1.17210,21342980.96940001
30.09.2020 16:00:00.000 GMT-0500,1.17210,1.18807,1.16400,1.16431,22291188.443000007
31.10.2020 16:00:00.000 GMT-0500,1.16498,1.20032,1.16026,1.19256,11032043.725699997
30.11.2020 17:00:00.000 GMT-0500,1.19260,1.23101,1.19249,1.22141,5111505.995100005
31.12.2020 17:00:00.000 GMT-0500,1.22396,1.23494,1.20535,1.21298,3718006.2963999985
31.01.2021 17:00:00.000 GMT-0500,1.21297,1.22433,1.19522,1.20704,2759536.7923999997
28.02.2021 17:00:00.000 GMT-0500,1.20702,1.21132,1.17040,1.17298,3412802.167199998
31.03.2021 16:00:00.000 GMT-0500,1.17298,1.21498,1.17125,1.20169,1978411.0198999988
30.04.2021 16:00:00.000 GMT-0500,1.20309,1.22664,1.19859,1.22243,2094271.0085
31.05.2021 16:00:00.000 GMT-0500,1.22243,1.22542,1.18450,1.18558,1978690.4837999998
30.06.2021 16:00:00.000 GMT-0500,1.18560,1.19085,1.17518,1.18667,1948482.9331000005
31.07.2021 16:00:00.000 GMT-0500,1.18641,1.18996,1.16638,1.18079,1295622.1416999998
31.08.2021 16:00:00.000 GMT-0500,1.18082,1.19090,1.15624,1.15752,1670907.9686000005
30.09.2021 16:00:00.000 GMT-0500,1.15744,1.16921,1.15242,1.15529,1646748.1979999996
31.10.2021 16:00:00.000 GMT-0500,1.15576,1.16164,1.11859,1.13367,1992702.806099999
30.11.2021 17:00:00.000 GMT-0500,1.13354,1.13863,1.12215,1.13667,1831921.9024999985
31.12.2021 17:00:00.000 GMT-0500,1.13690,1.14827,1.11213,1.12329,1828027.0144000005
31.01.2022 17:00:00.000 GMT-0500,1.12319,1.14948,1.11062,1.12181,2225105.7020999994
28.02.2022 17:00:00.000 GMT-0500,1.12181,1.12329,1.08059,1.10662,4354401.947999997
31.03.2022 16:00:00.000 GMT-0500,1.10660,1.10760,1.04710,1.05409,4087227.9974
30.04.2022 16:00:00.000 GMT-0500,1.05444,1.07867,1.03496,1.07320,5089996.2155000055
31.05.2022 16:00:00.000 GMT-0500,1.07320,1.07738,1.03590,1.04831,4911281.492200001
30.06.2022 16:00:00.000 GMT-0500,1.04829,1.04853,0.99521,1.02248,5941145.437900002
31.07.2022 16:00:00.000 GMT-0500,1.02098,1.03685,0.99002,1.00522,10361277.414199999
31.08.2022 16:00:00.000 GMT-0500,1.00525,1.01977,0.95357,0.98013,13040601.36980001
30.09.2022 16:00:00.000 GMT-0500,0.97933,1.00934,0.96315,0.98802,14472320.463900004
31.10.2022 16:00:00.000 GMT-0500,0.98801,1.04967,0.97299,1.04041,13308364.712300004
30.11.2022 17:00:00.000 GMT-0500,1.04041,1.07361,1.03929,1.07026,10296457.942100005
31.12.2022 17:00:00.000 GMT-0500,1.06970,1.09293,1.04823,1.08621,7951625.537999994
31.01.2023 17:00:00.000 GMT-0500,1.08610,1.10327,1.05328,1.05727,8138199.022100007
28.02.2023 17:00:00.000 GMT-0500,1.05727,1.09296,1.05158,1.08386,10463868.0495
31.03.2023 16:00:00.000 GMT-0500,1.08398,1.10952,1.07882,1.10144,6278446.945900004
30.04.2023 16:00:00.000 GMT-0500,1.10240,1.10917,1.06352,1.06887,7455355.826900006
31.05.2023 16:00:00.000 GMT-0500,1.06887,1.10122,1.06617,1.09095,6605765.514099994
30.06.2023 16:00:00.000 GMT-0500,1.09094,1.12756,1.08337,1.09963,6882431.905899998
31.07.2023 16:00:00.000 GMT-0500,1.09961,1.10650,1.07658,1.08426,6779224.076500007
31.08.2023 16:00:00.000 GMT-0500,1.08429,1.08819,1.04880,1.05694,5466108.900400002
30.09.2023 16:00:00.000 GMT-0500,1.05672,1.06942,1.04483,1.05725,6442125.935200006
31.10.2023 16:00:00.000 GMT-0500,1.05721,1.10171,1.05167,1.08865,5738007.854299992
30.11.2023 17:00:00.000 GMT-0500,1.08854,1.11394,1.07236,1.10374,6151749.976000002
31.12.2023 17:00:00.000 GMT-0500,1.10427,1.10447,1.07949,1.08180,6822548.905899998
31.01.2024 17:00:00.000 GMT-0500,1.08180,1.08974,1.06949,1.08046,5252320.204900002
29.02.2024 17:00:00.000 GMT-0500,1.08046,1.09812,1.07678,1.07898,4009376.336599999
31.03.2024 16:00:00.000 GMT-0500,1.07882,1.08850,1.06010,1.06653,4453528.518200003
30.04.2024 16:00:00.000 GMT-0500,1.06643,1.08949,1.06494,1.08450,3515938.2153000007
31.05.2024 16:00:00.000 GMT-0500,1.08462,1.09160,1.06660,1.07119,3687495.0182000007
30.06.2024 16:00:00.000 GMT-0500,1.07438,1.09480,1.07100,1.08256,4771187.033499995
31.07.2024 16:00:00.000 GMT-0500,1.08256,1.12015,1.07774,1.10456,5223915.0038
31.08.2024 16:00:00.000 GMT-0500,1.10462,1.12140,1.10019,1.11345,5504488.024300003
30.09.2024 16:00:00.000 GMT-0500,1.11344,1.11439,1.07612,1.08833,5359260.428300003
31.10.2024 16:00:00.000 GMT-0500,1.08830,1.09369,1.03325,1.05748,7420072.123200005
30.11.2024 17:00:00.000 GMT-0500,1.05711,1.06298,1.03439,1.03613,3659571.0324530653